,YEAR,COUNTRY_ID,RATE,UPDATE_STATUS,UPDATE_TIME,COUNTRY
0,1979,BE,91.36,FINAL,,Bélgica
1,1979,DK,47.82,FINAL,,Dinamarca
2,1979,DE,65.73,FINAL,,Alemania
3,1979,IE,63.61,FINAL,,Irlanda
4,1979,FR,60.71,FINAL,,Francia
5,1979,IT,85.65,FINAL,,Italia
6,1979,LU,88.91,FINAL,,Luxemburgo
7,1979,NL,58.12,FINAL,,Países Bajos
8,1979,UK,32.35,FINAL,,Reino Unido
9,1981,EL,81.48,FINAL,,Grecia
10,1984,BE,92.09,FINAL,,Bélgica
11,1984,DK,52.38,FINAL,,Dinamarca
12,1984,DE,56.76,FINAL,,Alemania
13,1984,IE,47.56,FINAL,,Irlanda
14,1984,FR,56.72,FINAL,,Francia
15,1984,IT,82.47,FINAL,,Italia
16,1984,LU,88.79,FINAL,,Luxemburgo
17,1984,NL,50.88,FINAL,,Países Bajos
18,1984,UK,32.57,FINAL,,Reino Unido
19,1984,EL,80.59,FINAL,,Grecia
20,1987,ES,68.52,FINAL,,España
21,1987,PT,72.42,FINAL,,Portugal
22,1989,BE,90.73,FINAL,,Bélgica
23,1989,DK,46.17,FINAL,,Dinamarca
24,1989,DE,62.28,FINAL,,Alemania
25,1989,IE,68.28,FINAL,,Irlanda
26,1989,FR,48.8,FINAL,,Francia
27,1989,IT,81.07,FINAL,,Italia
28,1989,LU,87.39,FINAL,,Luxemburgo
29,1989,NL,47.48,FINAL,,Países Bajos
30,1989,UK,36.37,FINAL,,Reino Unido
31,1989,EL,80.03,FINAL,,Grecia
32,1989,ES,54.71,FINAL,,España
33,1989,PT,51.1,FINAL,,Portugal
34,1994,BE,90.66,FINAL,,Bélgica
35,1994,DK,52.92,FINAL,,Dinamarca
36,1994,DE,60.02,FINAL,,Alemania
37,1994,IE,43.98,FINAL,,Irlanda
38,1994,FR,52.71,FINAL,,Francia
39,1994,IT,73.6,FINAL,,Italia
40,1994,LU,88.55,FINAL,,Luxemburgo
41,1994,NL,35.69,FINAL,,Países Bajos
42,1994,UK,36.43,FINAL,,Reino Unido
43,1994,EL,73.18,FINAL,,Grecia
44,1994,ES,59.14,FINAL,,España
45,1994,PT,35.54,FINAL,,Portugal
46,1995,SE,41.63,FINAL,,Suecia
47,1996,AT,67.73,FINAL,,Austria
48,1996,FI,57.6,FINAL,,Finlandia
49,1999,BE,91.05,FINAL,,Bélgica
50,1999,DK,50.46,FINAL,,Dinamarca
51,1999,DE,45.19,FINAL,,Alemania
52,1999,IE,50.21,FINAL,,Irlanda
53,1999,FR,46.76,FINAL,,Francia
54,1999,IT,69.76,FINAL,,Italia
55,1999,LU,87.27,FINAL,,Luxemburgo
56,1999,NL,30.02,FINAL,,Países Bajos
57,1999,UK,24.0,FINAL,,Reino Unido
58,1999,EL,70.25,FINAL,,Grecia
59,1999,ES,63.05,FINAL,,España
60,1999,PT,39.93,FINAL,,Portugal
61,1999,SE,38.84,FINAL,,Suecia
62,1999,AT,49.4,FINAL,,Austria
63,1999,FI,30.14,FINAL,,Finlandia
64,2004,BE,90.81,FINAL,,Bélgica
65,2004,DK,47.89,FINAL,,Dinamarca
66,2004,DE,43.0,FINAL,,Alemania
67,2004,IE,58.58,FINAL,,Irlanda
68,2004,FR,42.76,FINAL,,Francia
69,2004,IT,71.72,FINAL,,Italia
70,2004,LU,91.35,FINAL,,Luxemburgo
71,2004,NL,39.26,FINAL,,Países Bajos
72,2004,UK,38.52,FINAL,,Reino Unido
73,2004,EL,63.22,FINAL,,Grecia
74,2004,ES,45.14,FINAL,,España
75,2004,PT,38.6,FINAL,,Portugal
76,2004,SE,37.85,FINAL,,Suecia
77,2004,AT,42.43,FINAL,,Austria
78,2004,FI,39.43,FINAL,,Finlandia
79,2004,CZ,28.3,FINAL,,Chequia
80,2004,EE,26.83,FINAL,,Estonia
81,2004,CY,72.5,FINAL,,Chipre
82,2004,LT,48.38,FINAL,,Lituania
83,2004,LV,41.34,FINAL,,Letonia
84,2004,HU,38.5,FINAL,,Hungría
85,2004,MT,82.39,FINAL,,Malta
86,2004,PL,20.87,FINAL,,Polonia
87,2004,SI,28.35,FINAL,,Eslovenia
88,2004,SK,16.97,FINAL,,Eslovaquia
89,2007,BG,29.22,FINAL,,Bulgaria
90,2007,RO,29.47,FINAL,,Rumania
91,2009,BE,90.39,FINAL,,Bélgica
92,2009,DK,59.54,FINAL,,Dinamarca
93,2009,DE,43.27,FINAL,,Alemania
94,2009,IE,58.64,FINAL,,Irlanda
95,2009,FR,40.63,FINAL,,Francia
96,2009,IT,66.47,FINAL,,Italia
97,2009,LU,90.76,FINAL,,Luxemburgo
98,2009,NL,36.75,FINAL,,Países Bajos
99,2009,UK,34.7,FINAL,,Reino Unido
100,2009,EL,52.54,FINAL,,Grecia
101,2009,ES,44.87,FINAL,,España
102,2009,PT,36.77,FINAL,,Portugal
103,2009,SE,45.53,FINAL,,Suecia
104,2009,AT,45.97,FINAL,,Austria
105,2009,FI,38.6,FINAL,,Finlandia
106,2009,CZ,28.22,FINAL,,Chequia
107,2009,EE,43.9,FINAL,,Estonia
108,2009,CY,59.4,FINAL,,Chipre
109,2009,LT,20.98,FINAL,,Lituania
110,2009,LV,53.7,FINAL,,Letonia
111,2009,HU,36.31,FINAL,,Hungría
112,2009,MT,78.79,FINAL,,Malta
113,2009,PL,24.53,FINAL,,Polonia
114,2009,SI,28.37,FINAL,,Eslovenia
115,2009,SK,19.64,FINAL,,Eslovaquia
116,2009,BG,38.99,FINAL,,Bulgaria
117,2009,RO,27.67,FINAL,,Rumania
118,2013,HR,20.84,FINAL,,Croacia
119,2014,BE,89.64,FINAL,,Bélgica
120,2014,DK,56.32,FINAL,,Dinamarca
121,2014,DE,48.1,FINAL,,Alemania
122,2014,IE,52.44,FINAL,,Irlanda
123,2014,FR,42.43,FINAL,,Francia
124,2014,IT,57.22,FINAL,,Italia
125,2014,LU,85.55,FINAL,,Luxemburgo
126,2014,NL,37.32,FINAL,,Países Bajos
127,2014,UK,35.6,FINAL,,Reino Unido
128,2014,EL,59.97,FINAL,,Grecia
129,2014,ES,43.81,FINAL,,España
130,2014,PT,33.67,FINAL,,Portugal
131,2014,SE,51.07,FINAL,,Suecia
132,2014,AT,45.39,FINAL,,Austria
133,2014,FI,39.1,FINAL,,Finlandia
134,2014,CZ,18.2,FINAL,,Chequia
135,2014,EE,36.52,FINAL,,Estonia
136,2014,CY,43.97,FINAL,,Chipre
137,2014,LT,47.35,FINAL,,Lituania
138,2014,LV,30.24,FINAL,,Letonia
139,2014,HU,28.97,FINAL,,Hungría
140,2014,MT,74.8,FINAL,,Malta
141,2014,PL,23.83,FINAL,,Polonia
142,2014,SI,24.55,FINAL,,Eslovenia
143,2014,SK,13.05,FINAL,,Eslovaquia
144,2014,BG,35.84,FINAL,,Bulgaria
145,2014,RO,32.44,FINAL,,Rumania
146,2014,HR,25.24,FINAL,,Croacia
147,2019,BE,88.47,FINAL,,Bélgica
148,2019,DK,66.08,FINAL,,Dinamarca
149,2019,DE,61.38,FINAL,,Alemania
150,2019,IE,49.7,FINAL,,Irlanda
151,2019,FR,50.12,FINAL,,Francia
152,2019,IT,54.5,FINAL,,Italia
153,2019,LU,84.24,FINAL,,Luxemburgo
154,2019,NL,41.93,FINAL,,Países Bajos
155,2019,UK,37.18,FINAL,,Reino Unido
156,2019,EL,58.69,FINAL,,Grecia
157,2019,ES,60.73,FINAL,,España
158,2019,PT,30.75,FINAL,,Portugal
159,2019,SE,55.27,FINAL,,Suecia
160,2019,AT,59.8,FINAL,,Austria
161,2019,FI,40.8,FINAL,,Finlandia
162,2019,CZ,28.72,FINAL,,Chequia
163,2019,EE,37.6,FINAL,,Estonia
164,2019,CY,44.99,FINAL,,Chipre
165,2019,LT,53.48,FINAL,,Lituania
166,2019,LV,33.53,FINAL,,Letonia
167,2019,HU,43.36,FINAL,,Hungría
168,2019,MT,72.7,FINAL,,Malta
169,2019,PL,45.68,FINAL,,Polonia
170,2019,SI,28.89,FINAL,,Eslovenia
171,2019,SK,22.74,FINAL,,Eslovaquia
172,2019,BG,32.64,FINAL,,Bulgaria
173,2019,RO,51.2,FINAL,,Rumania
174,2019,HR,29.85,FINAL,,Croacia
175,2024,BE,89.23,PROVISIONAL,2024-06-10 01:07,Bélgica
176,2024,BG,31.8,PROVISIONAL,2024-06-10 01:07,Bulgaria
177,2024,CZ,36.45,PROVISIONAL,2024-06-09 23:25,Chequia
178,2024,DK,58.23,PROVISIONAL,2024-06-10 01:07,Dinamarca
179,2024,DE,64.77,FINAL,2024-06-10 09:01,Alemania
180,2024,EE,37.7,PROVISIONAL,2024-06-09 23:25,Estonia
181,2024,EL,41.39,FINAL,2024-06-10 09:01,Grecia
182,2024,ES,49.21,PROVISIONAL,2024-06-10 09:01,España
183,2024,FR,51.5,FINAL,2024-06-10 09:01,Francia
184,2024,IT,48.21,PROVISIONAL,2024-06-10 09:01,Italia
185,2024,CY,58.86,FINAL,2024-06-10 09:38,Chipre
186,2024,LV,33.82,PROVISIONAL,2024-06-09 23:25,Letonia
187,2024,LT,28.94,FINAL,2024-06-10 09:01,Lituania
188,2024,LU,82.29,PROVISIONAL,2024-06-09 23:25,Luxemburgo
189,2024,HU,58.47,PROVISIONAL,2024-06-10 10:30,Hungría
190,2024,MT,72.82,FINAL,2024-06-10 00:17,Malta
191,2024,NL,46.2,PROVISIONAL,2024-06-10 10:30,Países Bajos
192,2024,AT,54.1,PROVISIONAL,2024-06-10 10:30,Austria
193,2024,PL,40.65,FINAL,2024-06-10 09:01,Polonia
194,2024,PT,37.52,PROVISIONAL,2024-06-10 02:37,Portugal
195,2024,RO,52.41,PROVISIONAL,2024-06-09 23:25,Rumania
196,2024,SI,40.99,PROVISIONAL,2024-06-10 02:37,Eslovenia
197,2024,SK,34.38,FINAL,2024-06-10 09:01,Eslovaquia
198,2024,FI,40.4,PROVISIONAL,2024-06-10 09:01,Finlandia
199,2024,SE,50.6,PROVISIONAL,2024-06-10 00:17,Suecia
200,2024,HR,21.34,PROVISIONAL,2024-06-09 23:25,Croacia
